{"cameraMode":{"drawMode":0,"name":"Shaded","section":"Shading Mode"},"sceneLighting":true,"audioPlay":false,"sceneViewState":{"showFog":true,"showMaterialUpdate":false,"showSkybox":true,"showFlares":true,"showImageEffects":true,"showParticleSystems":true},"in2DMode":false,"pivot":{"x":0.5902655124664307,"y":1.3299281597137452,"z":5.226289749145508},"rotation":{"x":-0.04148394614458084,"y":-0.4724130928516388,"z":0.02229158952832222,"w":-0.8801605105400086},"size":2.827610969543457,"orthographic":false}